{"cameraMode":{"drawMode":0,"name":"Shaded","section":"Shading Mode"},"sceneLighting":true,"audioPlay":false,"sceneViewState":{"showFog":true,"showMaterialUpdate":false,"showSkybox":true,"showFlares":false,"showImageEffects":false,"showParticleSystems":false},"in2DMode":false,"pivot":{"x":-0.05303170531988144,"y":-0.19796420633792878,"z":1.0945439338684083},"rotation":{"x":-0.2421642243862152,"y":0.36454471945762637,"z":-0.09877952188253403,"w":-0.8937128186225891},"size":2.93345308303833,"orthographic":false}