{"cameraMode":{"drawMode":0,"name":"Shaded","section":"Shading Mode"},"sceneLighting":true,"audioPlay":false,"sceneViewState":{"showFog":true,"showMaterialUpdate":false,"showSkybox":true,"showFlares":false,"showImageEffects":false,"showParticleSystems":false},"in2DMode":false,"pivot":{"x":-2.1689999103546144,"y":0.48613882064819338,"z":0.4456148147583008},"rotation":{"x":-0.34548819065093996,"y":0.41262510418891909,"z":-0.17281052470207215,"w":-0.8249424695968628},"size":0.4666908383369446,"orthographic":false}