{"cameraMode":{"drawMode":0,"name":"Shaded","section":"Shading Mode"},"sceneLighting":false,"audioPlay":false,"sceneViewState":{"showFog":true,"showMaterialUpdate":false,"showSkybox":false,"showFlares":false,"showImageEffects":false,"showParticleSystems":false},"in2DMode":false,"pivot":{"x":4.084355354309082,"y":-3.5087437629699709,"z":6.471743583679199},"rotation":{"x":-0.14685176312923432,"y":0.1495378166437149,"z":-0.02246296964585781,"w":-0.9775387048721314},"size":2.725863218307495,"orthographic":false}