{"cameraMode":{"drawMode":0,"name":"Shaded","section":"Shading Mode"},"sceneLighting":false,"audioPlay":false,"sceneViewState":{"showFog":true,"showMaterialUpdate":false,"showSkybox":false,"showFlares":false,"showImageEffects":false,"showParticleSystems":false},"in2DMode":false,"pivot":{"x":0.0000978708267211914,"y":-0.09521794319152832,"z":-0.023178279399871827},"rotation":{"x":-0.07076198607683182,"y":0.08994783461093903,"z":-0.006406345870345831,"w":-0.9934173822402954},"size":4.567967414855957,"orthographic":false}