{"cameraMode":{"drawMode":0,"name":"Shaded","section":"Shading Mode"},"sceneLighting":true,"audioPlay":false,"sceneViewState":{"showFog":true,"showMaterialUpdate":false,"showSkybox":true,"showFlares":false,"showImageEffects":false,"showParticleSystems":false},"in2DMode":false,"pivot":{"x":-2.1689999103546144,"y":0.48613882064819338,"z":0.4456148147583008},"rotation":{"x":-0.2421642243862152,"y":0.36454471945762637,"z":-0.09877952188253403,"w":-0.8937128186225891},"size":8.218528747558594,"orthographic":false}