{"cameraMode":{"drawMode":0,"name":"Shaded","section":"Shading Mode"},"sceneLighting":true,"audioPlay":false,"sceneViewState":{"showFog":true,"showMaterialUpdate":false,"showSkybox":true,"showFlares":false,"showImageEffects":false,"showParticleSystems":false},"in2DMode":false,"pivot":{"x":203.10020446777345,"y":234.69586181640626,"z":165.5524444580078},"rotation":{"x":-0.07076198607683182,"y":0.08994783461093903,"z":-0.006406345870345831,"w":-0.9934173822402954},"size":46.24816131591797,"orthographic":false}